id,name,email,age,signup_date
1,Hannah Moore,hannah.moore1@example.com,46,2023-04-02
2,Charlie Moore,charlie.moore2@example.com,24,2023-04-03
3,Hannah Johnson,hannah.johnson3@example.com,34,2023-04-04
4,Bob Miller,bob.miller4@example.com,31,2023-04-05
5,Ivan Miller,ivan.miller5@example.com,50,2023-04-06
6,George Brown,george.brown6@example.com,57,2023-04-07
7,Bob Lee,bob.lee7@example.com,34,2023-04-08
8,Ivan Moore,ivan.moore8@example.com,56,2023-04-09
9,Hannah Davis,hannah.davis9@example.com,65,2023-04-10
10,Alice Smith,alice.smith10@example.com,34,2023-04-11
11,Diana Lee,diana.lee11@example.com,52,2023-04-12
12,George Anderson,george.anderson12@example.com,34,2023-04-13
13,Charlie Smith,charlie.smith13@example.com,39,2023-04-14
14,Ivan Davis,ivan.davis14@example.com,34,2023-04-15
15,Judy Brown,judy.brown15@example.com,23,2023-04-16
16,Judy Miller,judy.miller16@example.com,44,2023-04-17
17,Alice Davis,alice.davis17@example.com,34,2023-04-18
18,Alice Lee,alice.lee18@example.com,47,2023-04-19
19,George Anderson,george.anderson19@example.com,48,2023-04-20
20,Fiona Smith,fiona.smith20@example.com,31,2023-04-21
21,Hannah Taylor,hannah.taylor21@example.com,65,2023-04-22
22,Bob Smith,bob.smith22@example.com,52,2023-04-23
23,Diana Miller,diana.miller23@example.com,50,2023-04-24
24,Evan Davis,evan.davis24@example.com,47,2023-04-25
25,Hannah Smith,hannah.smith25@example.com,62,2023-04-26
26,George Smith,george.smith26@example.com,62,2023-04-27
27,Charlie Brown,charlie.brown27@example.com,45,2023-04-28
28,Judy Moore,judy.moore28@example.com,20,2023-04-29
29,George Wilson,george.wilson29@example.com,31,2023-04-30
30,Diana Brown,diana.brown30@example.com,22,2023-05-01
31,Hannah Wilson,hannah.wilson31@example.com,35,2023-05-02
32,George Anderson,george.anderson32@example.com,62,2023-05-03
33,Diana Miller,diana.miller33@example.com,38,2023-05-04
34,George Wilson,george.wilson34@example.com,34,2023-05-05
35,Judy Moore,judy.moore35@example.com,47,2023-05-06
36,Bob Lee,bob.lee36@example.com,60,2023-05-07
37,Bob Wilson,bob.wilson37@example.com,45,2023-05-08
38,Ivan Lee,ivan.lee38@example.com,63,2023-05-09
39,Diana Anderson,diana.anderson39@example.com,24,2023-05-10
40,Charlie Miller,charlie.miller40@example.com,27,2023-05-11
41,George Brown,george.brown41@example.com,48,2023-05-12
42,Fiona Lee,fiona.lee42@example.com,33,2023-05-13
43,Hannah Anderson,hannah.anderson43@example.com,57,2023-05-14
44,Judy Wilson,judy.wilson44@example.com,33,2023-05-15
45,Ivan Johnson,ivan.johnson45@example.com,61,2023-05-16
46,Judy Moore,judy.moore46@example.com,18,2023-05-17
47,Fiona Moore,fiona.moore47@example.com,57,2023-05-18
48,Hannah Moore,hannah.moore48@example.com,29,2023-05-19
49,Ivan Lee,ivan.lee49@example.com,58,2023-05-20
50,George Miller,george.miller50@example.com,51,2023-05-21
51,Fiona Lee,fiona.lee51@example.com,22,2023-05-22
52,Charlie Lee,charlie.lee52@example.com,59,2023-05-23
53,Diana Smith,diana.smith53@example.com,50,2023-05-24
54,Judy Wilson,judy.wilson54@example.com,42,2023-05-25
55,Bob Lee,bob.lee55@example.com,57,2023-05-26
56,Bob Brown,bob.brown56@example.com,62,2023-05-27
57,Fiona Moore,fiona.moore57@example.com,58,2023-05-28
58,Judy Moore,judy.moore58@example.com,54,2023-05-29
59,Alice Moore,alice.moore59@example.com,41,2023-05-30
60,George Taylor,george.taylor60@example.com,45,2023-05-31
61,Diana Davis,diana.davis61@example.com,36,2023-06-01
62,George Lee,george.lee62@example.com,24,2023-06-02
63,Fiona Wilson,fiona.wilson63@example.com,19,2023-06-03
64,Charlie Anderson,charlie.anderson64@example.com,40,2023-06-04
65,Bob Smith,bob.smith65@example.com,60,2023-06-05
66,Evan Johnson,evan.johnson66@example.com,56,2023-06-06
67,Alice Brown,alice.brown67@example.com,38,2023-06-07
68,Evan Miller,evan.miller68@example.com,39,2023-06-08
69,Alice Lee,alice.lee69@example.com,20,2023-06-09
70,Diana Lee,diana.lee70@example.com,30,2023-06-10
71,Bob Brown,bob.brown71@example.com,34,2023-06-11
72,Charlie Smith,charlie.smith72@example.com,37,2023-06-12
73,Diana Miller,diana.miller73@example.com,31,2023-06-13
74,George Miller,george.miller74@example.com,49,2023-06-14
75,Judy Davis,judy.davis75@example.com,49,2023-06-15
76,Judy Johnson,judy.johnson76@example.com,61,2023-06-16
77,Evan Moore,evan.moore77@example.com,35,2023-06-17
78,George Wilson,george.wilson78@example.com,33,2023-06-18
79,George Wilson,george.wilson79@example.com,42,2023-06-19
80,Fiona Davis,fiona.davis80@example.com,51,2023-06-20
81,Bob Johnson,bob.johnson81@example.com,28,2023-06-21
82,Hannah Johnson,hannah.johnson82@example.com,65,2023-06-22
83,Charlie Miller,charlie.miller83@example.com,50,2023-06-23
84,Judy Moore,judy.moore84@example.com,56,2023-06-24
85,Ivan Johnson,ivan.johnson85@example.com,26,2023-06-25
86,Ivan Brown,ivan.brown86@example.com,54,2023-06-26
87,George Brown,george.brown87@example.com,23,2023-06-27
88,Judy Wilson,judy.wilson88@example.com,54,2023-06-28
89,Judy Smith,judy.smith89@example.com,44,2023-06-29
90,Evan Taylor,evan.taylor90@example.com,60,2023-06-30
91,Charlie Lee,charlie.lee91@example.com,28,2023-07-01
92,Judy Moore,judy.moore92@example.com,55,2023-07-02
93,Diana Anderson,diana.anderson93@example.com,20,2023-07-03
94,Judy Miller,judy.miller94@example.com,47,2023-07-04
95,Evan Taylor,evan.taylor95@example.com,52,2023-07-05
96,Evan Smith,evan.smith96@example.com,51,2023-07-06
97,Alice Smith,alice.smith97@example.com,56,2023-07-07
98,Judy Moore,judy.moore98@example.com,44,2023-07-08
99,Ivan Lee,ivan.lee99@example.com,43,2023-07-09
100,Fiona Johnson,fiona.johnson100@example.com,33,2023-07-10
